id,class
report_1352.pdf.49,environmental
report_1835.pdf.143,environmental
report_1352.pdf.46,environmental
report_1179.pdf.47,environmental
report_607.pdf.12,environmental
report_1179.pdf.53,environmental
report_607.pdf.7,environmental
report_1012.pdf.70,environmental
report_1179.pdf.38,environmental
report_576.pdf.11,environmental
report_1352.pdf.44,environmental
report_293.pdf.67,environmental
report_1835.pdf.7,environmental
report_1352.pdf.92,environmental
report_1835.pdf.37,environmental
report_1352.pdf.117,environmental
report_607.pdf.10,environmental
report_1352.pdf.100,environmental
report_1352.pdf.79,environmental
report_1834.pdf.4,environmental
report_1012.pdf.96,environmental
report_1145.pdf.85,environmental
report_293.pdf.48,environmental
report_1260.pdf.21,environmental
report_1260.pdf.46,environmental
report_1352.pdf.60,environmental
report_1145.pdf.99,environmental
report_1834.pdf.2,environmental
report_1352.pdf.51,environmental
report_1352.pdf.122,environmental
report_1145.pdf.29,environmental
report_1260.pdf.45,environmental
report_1835.pdf.47,environmental
report_1179.pdf.28,environmental
report_1834.pdf.83,environmental
report_1145.pdf.75,environmental
report_1352.pdf.61,environmental
report_1352.pdf.121,environmental
report_293.pdf.49,environmental
report_1835.pdf.112,environmental
report_607.pdf.25,environmental
report_1352.pdf.67,environmental
report_1834.pdf.26,environmental
report_293.pdf.97,environmental
report_1145.pdf.64,environmental
report_1179.pdf.51,environmental
report_1179.pdf.39,environmental
report_607.pdf.11,environmental
report_1260.pdf.62,environmental
report_1352.pdf.71,environmental
report_1145.pdf.76,environmental
report_1179.pdf.23,environmental
report_1835.pdf.125,environmental
report_1012.pdf.90,environmental
report_1352.pdf.56,environmental
report_1352.pdf.63,environmental
report_1260.pdf.60,environmental
report_1835.pdf.32,environmental
report_293.pdf.65,environmental
report_1145.pdf.36,environmental
report_1145.pdf.87,environmental
report_1179.pdf.45,environmental
report_1835.pdf.69,environmental
report_1352.pdf.84,environmental
report_1352.pdf.81,environmental
report_1145.pdf.39,environmental
report_1012.pdf.68,environmental
report_1260.pdf.74,environmental
report_1352.pdf.48,environmental
report_1012.pdf.69,environmental
report_576.pdf.24,environmental
report_1352.pdf.95,environmental
report_1352.pdf.50,environmental
report_1835.pdf.98,environmental
report_1012.pdf.71,environmental
report_1179.pdf.48,environmental
report_1260.pdf.19,environmental
report_1835.pdf.79,environmental
report_1179.pdf.19,environmental
report_293.pdf.50,environmental
report_1835.pdf.64,environmental
report_1834.pdf.53,environmental
report_1145.pdf.67,environmental
report_1352.pdf.105,environmental
report_1352.pdf.59,environmental
report_1145.pdf.82,environmental
report_1834.pdf.1,environmental
report_1835.pdf.5,environmental
report_607.pdf.36,environmental
report_1352.pdf.101,environmental
report_607.pdf.50,environmental
report_1834.pdf.77,environmental
report_1834.pdf.88,environmental
report_1145.pdf.69,environmental
report_1012.pdf.73,environmental
report_1352.pdf.45,environmental
report_1145.pdf.57,environmental
report_576.pdf.31,environmental
report_293.pdf.98,environmental
report_293.pdf.91,environmental
report_1145.pdf.100,environmental
report_1352.pdf.94,environmental
report_1012.pdf.93,environmental
report_1012.pdf.114,environmental
report_1145.pdf.58,environmental
report_1012.pdf.95,environmental
report_1835.pdf.108,environmental
report_576.pdf.25,environmental
report_607.pdf.41,environmental
report_607.pdf.24,environmental
report_576.pdf.14,environmental
report_1145.pdf.60,environmental
report_1260.pdf.63,environmental
report_607.pdf.46,environmental
report_1352.pdf.108,environmental
report_607.pdf.42,environmental
report_293.pdf.100,environmental
report_1352.pdf.42,environmental
report_1352.pdf.93,environmental
report_1012.pdf.66,environmental
report_1260.pdf.30,environmental
report_1835.pdf.81,environmental
report_1145.pdf.27,environmental
report_1179.pdf.12,environmental
report_1145.pdf.55,environmental
report_1352.pdf.96,environmental
report_1179.pdf.16,environmental
report_293.pdf.55,environmental
report_1260.pdf.55,environmental
report_1352.pdf.74,environmental
report_1012.pdf.115,environmental
report_1835.pdf.91,environmental
report_1835.pdf.50,environmental
report_1260.pdf.65,environmental
report_1260.pdf.24,environmental
report_293.pdf.59,environmental
report_293.pdf.93,environmental
report_607.pdf.52,environmental
report_1834.pdf.87,environmental
report_293.pdf.90,environmental
report_1179.pdf.22,environmental
report_1352.pdf.65,environmental
report_1835.pdf.123,environmental
report_1260.pdf.35,environmental
report_1352.pdf.83,environmental
report_1352.pdf.82,environmental
report_1352.pdf.97,environmental
report_1012.pdf.89,environmental
report_1835.pdf.106,environmental
report_1260.pdf.29,environmental
report_607.pdf.43,environmental
report_1835.pdf.107,environmental
report_1835.pdf.83,environmental
report_293.pdf.63,environmental
report_1260.pdf.59,environmental
report_1352.pdf.109,environmental
report_607.pdf.18,environmental
report_1145.pdf.61,environmental
report_607.pdf.14,environmental
report_1179.pdf.40,environmental
report_1260.pdf.61,environmental
report_576.pdf.16,environmental
report_1352.pdf.68,environmental
report_1352.pdf.99,environmental
report_1260.pdf.27,environmental
report_1012.pdf.78,environmental
report_607.pdf.37,environmental
report_1260.pdf.22,environmental
report_293.pdf.92,environmental
report_1835.pdf.10,environmental
report_576.pdf.9,environmental
report_1835.pdf.3,environmental
report_1179.pdf.29,environmental
report_1145.pdf.53,environmental
report_1352.pdf.70,environmental
report_1012.pdf.79,environmental
report_1179.pdf.33,environmental
report_576.pdf.17,environmental
report_1145.pdf.83,environmental
report_1834.pdf.10,environmental
report_1352.pdf.76,environmental
report_1145.pdf.81,environmental
report_1260.pdf.58,environmental
report_1145.pdf.28,environmental
report_1260.pdf.26,environmental
report_1145.pdf.70,environmental
report_1352.pdf.118,environmental
report_293.pdf.94,environmental
report_576.pdf.27,environmental
report_1179.pdf.36,environmental
report_1260.pdf.25,environmental
report_1145.pdf.35,environmental
report_1260.pdf.78,environmental
report_607.pdf.29,environmental
report_1260.pdf.14,environmental
report_293.pdf.53,environmental
report_293.pdf.99,environmental
report_293.pdf.96,environmental
report_1835.pdf.27,environmental
report_293.pdf.44,environmental
report_1352.pdf.80,environmental
report_1260.pdf.54,environmental
report_576.pdf.23,environmental
report_576.pdf.10,environmental
report_1835.pdf.18,environmental
report_1352.pdf.87,environmental
report_1835.pdf.128,environmental
report_607.pdf.15,environmental
report_1352.pdf.54,environmental
report_1835.pdf.80,environmental
report_1835.pdf.78,environmental
report_293.pdf.89,environmental
report_1145.pdf.46,environmental
report_1012.pdf.98,environmental
report_1835.pdf.68,environmental
report_1145.pdf.59,environmental
report_1145.pdf.63,environmental
report_1012.pdf.94,environmental
report_1179.pdf.21,environmental
report_1352.pdf.119,environmental
report_1834.pdf.82,environmental
report_1835.pdf.62,environmental
report_1145.pdf.26,environmental
report_1012.pdf.80,environmental
report_1834.pdf.13,environmental
report_1352.pdf.78,environmental
report_1835.pdf.19,environmental
report_293.pdf.101,environmental
report_1145.pdf.56,environmental
report_576.pdf.15,environmental
report_1012.pdf.82,environmental
report_1352.pdf.43,environmental
report_1835.pdf.115,environmental
report_1835.pdf.13,environmental
report_1352.pdf.62,environmental
report_1012.pdf.74,environmental
report_1834.pdf.81,environmental
report_1352.pdf.123,environmental
report_1179.pdf.44,environmental
report_576.pdf.21,environmental
report_1012.pdf.83,environmental
report_1834.pdf.85,environmental
report_1145.pdf.43,environmental
report_1352.pdf.89,environmental
report_1179.pdf.43,environmental
report_1260.pdf.37,environmental
report_293.pdf.85,environmental
report_576.pdf.13,environmental
report_1145.pdf.84,environmental
report_1260.pdf.77,environmental
report_1145.pdf.71,environmental
report_607.pdf.31,environmental
report_1179.pdf.42,environmental
report_1145.pdf.32,environmental
report_1835.pdf.8,environmental
report_1835.pdf.130,environmental
report_1145.pdf.50,environmental
report_1012.pdf.75,environmental
report_1145.pdf.54,environmental
report_293.pdf.103,environmental
report_1260.pdf.15,environmental
report_1352.pdf.52,environmental
report_1179.pdf.26,environmental
report_1260.pdf.75,environmental
report_1145.pdf.65,environmental
report_607.pdf.40,environmental
report_1835.pdf.1,environmental
report_607.pdf.45,environmental
report_293.pdf.52,environmental
report_293.pdf.68,environmental
report_1260.pdf.36,environmental
report_1834.pdf.37,environmental
report_576.pdf.28,environmental
report_1179.pdf.37,environmental
report_293.pdf.64,environmental
report_1352.pdf.91,environmental
report_607.pdf.33,environmental
report_1835.pdf.45,environmental
report_576.pdf.22,environmental
report_607.pdf.26,environmental
report_576.pdf.30,environmental
report_1352.pdf.120,environmental
report_293.pdf.84,environmental
report_293.pdf.86,environmental
report_607.pdf.8,environmental
report_576.pdf.20,environmental
report_1179.pdf.49,environmental
report_1835.pdf.117,environmental
report_607.pdf.23,environmental
report_1145.pdf.73,environmental
report_1179.pdf.34,environmental
report_1352.pdf.103,environmental
report_293.pdf.57,environmental
report_1012.pdf.72,environmental
report_1179.pdf.14,environmental
report_1145.pdf.34,environmental
report_293.pdf.60,environmental
report_1145.pdf.80,environmental
report_1179.pdf.20,environmental
report_1145.pdf.31,environmental
report_1352.pdf.55,environmental
report_1260.pdf.18,environmental
report_1179.pdf.27,environmental
report_1835.pdf.25,environmental
report_1835.pdf.52,environmental
report_1352.pdf.66,environmental
report_1179.pdf.46,environmental
report_1179.pdf.32,environmental
report_607.pdf.34,environmental
report_576.pdf.26,environmental
report_1352.pdf.90,environmental
report_1352.pdf.88,environmental
report_1145.pdf.77,environmental
report_1260.pdf.67,environmental
report_1260.pdf.16,environmental
report_1012.pdf.99,environmental
report_1260.pdf.20,environmental
report_1834.pdf.29,environmental
report_1145.pdf.66,environmental
report_1834.pdf.28,environmental
report_607.pdf.32,environmental
report_1145.pdf.72,environmental
report_1179.pdf.9,environmental
report_1179.pdf.13,environmental
report_1145.pdf.78,environmental
report_576.pdf.19,environmental
report_1260.pdf.47,environmental
report_1179.pdf.35,environmental
report_1260.pdf.32,environmental
report_1834.pdf.67,environmental
report_607.pdf.51,environmental
report_1260.pdf.64,environmental
report_1179.pdf.8,environmental
report_1145.pdf.37,environmental
report_1145.pdf.44,environmental
report_1179.pdf.17,environmental
report_1145.pdf.48,environmental
report_576.pdf.18,environmental
report_293.pdf.54,environmental
report_1012.pdf.91,environmental
report_1260.pdf.66,environmental
report_1179.pdf.25,environmental
report_1179.pdf.55,environmental
report_607.pdf.35,environmental
report_1352.pdf.57,environmental
report_1352.pdf.104,environmental
report_293.pdf.87,environmental
report_1834.pdf.17,environmental
report_293.pdf.56,environmental
report_1834.pdf.49,environmental
report_1352.pdf.124,environmental
report_607.pdf.20,environmental
report_1179.pdf.15,environmental
report_607.pdf.22,environmental
report_1012.pdf.85,environmental
report_1835.pdf.35,environmental
report_1145.pdf.45,environmental
report_1834.pdf.90,environmental
report_293.pdf.46,environmental
report_607.pdf.30,environmental
report_1012.pdf.84,environmental
report_1012.pdf.112,environmental
report_1012.pdf.81,environmental
report_1352.pdf.125,environmental
report_1352.pdf.77,environmental
report_1145.pdf.79,environmental
report_1145.pdf.47,environmental
report_1835.pdf.76,environmental
report_1352.pdf.58,environmental
report_1145.pdf.86,environmental
report_607.pdf.19,environmental
report_1352.pdf.98,environmental
report_1012.pdf.67,environmental
report_1835.pdf.34,environmental
report_1260.pdf.57,environmental
report_1179.pdf.54,environmental
report_1145.pdf.40,environmental
report_1834.pdf.19,environmental
report_1012.pdf.88,environmental
report_1352.pdf.47,environmental
report_1145.pdf.33,environmental
report_1145.pdf.62,environmental
report_607.pdf.44,environmental
report_1834.pdf.43,environmental
report_1145.pdf.51,environmental
report_1352.pdf.106,environmental
report_576.pdf.29,environmental
report_1012.pdf.100,environmental
report_1260.pdf.28,environmental
report_1179.pdf.10,environmental
report_1012.pdf.87,environmental
report_1835.pdf.59,environmental
report_1260.pdf.48,environmental
report_1145.pdf.49,environmental
report_1352.pdf.41,environmental
report_1834.pdf.58,environmental
report_1179.pdf.41,environmental
report_576.pdf.34,environmental
report_293.pdf.61,environmental
report_1179.pdf.11,environmental
report_607.pdf.9,environmental
report_293.pdf.95,environmental
report_1352.pdf.53,environmental
report_576.pdf.12,environmental
report_1260.pdf.76,environmental
report_1352.pdf.86,environmental
report_1352.pdf.64,environmental
report_293.pdf.62,environmental
report_607.pdf.21,environmental
report_293.pdf.102,environmental
report_1012.pdf.107,environmental
report_293.pdf.47,environmental
report_1835.pdf.4,environmental
report_607.pdf.27,environmental
report_1834.pdf.44,environmental
report_1834.pdf.60,environmental
report_1835.pdf.65,environmental
report_293.pdf.66,environmental
report_1260.pdf.23,environmental
report_1260.pdf.17,environmental
report_1835.pdf.74,environmental
report_1179.pdf.31,environmental
report_1012.pdf.86,environmental
report_1179.pdf.24,environmental
report_1352.pdf.72,environmental
report_576.pdf.32,environmental
report_293.pdf.45,environmental
report_1352.pdf.69,environmental
report_293.pdf.58,environmental
report_1352.pdf.73,environmental
report_1352.pdf.75,environmental
report_293.pdf.51,environmental
report_1835.pdf.118,environmental
report_1145.pdf.38,environmental
report_1260.pdf.56,environmental
report_1352.pdf.102,environmental
report_1179.pdf.56,environmental
report_1179.pdf.30,environmental
report_607.pdf.13,environmental
report_607.pdf.28,environmental
report_1834.pdf.11,environmental
report_1834.pdf.33,environmental
report_1145.pdf.52,environmental
report_1012.pdf.76,environmental
report_1834.pdf.21,environmental
report_1834.pdf.61,environmental
report_1352.pdf.107,environmental
report_1012.pdf.113,environmental
report_1012.pdf.97,environmental
report_1145.pdf.74,environmental
report_1352.pdf.40,environmental
report_1834.pdf.62,environmental
report_1179.pdf.52,environmental
report_607.pdf.16,environmental
report_1260.pdf.31,environmental
report_1145.pdf.41,environmental
report_1835.pdf.57,environmental
report_1352.pdf.85,environmental
report_1145.pdf.30,environmental
report_1179.pdf.18,environmental
report_1834.pdf.45,environmental
report_1012.pdf.116,environmental
report_607.pdf.17,environmental
report_1834.pdf.56,environmental
report_1179.pdf.50,environmental
report_293.pdf.88,environmental
